channel,d_year,d_moy,line_items,orders,revenue,return_lines,return_amt
catalog,2026,1,13857,1547,35283642,2688,3401848
catalog,2026,2,11861,1326,30568945,2702,3670430
catalog,2026,3,14109,1581,36116215,3019,3802735
catalog,2026,4,13645,1530,34654408,2826,3671045
catalog,2026,5,14146,1581,36004097,2632,3340605
catalog,2026,6,13546,1530,34449681,2315,2792520
catalog,2026,7,14870,1645,37544925,2000,2537066
catalog,2026,8,32041,3565,81453061,1611,2050800
catalog,2026,9,31196,3450,78365390,1410,1735261
catalog,2026,10,32667,3625,82669250,1716,2158605
catalog,2026,11,3178,350,8174595,108,120571
store,2026,1,31377,2751,57849729,6893,6647618
store,2026,2,22707,2000,42711091,5874,5595581
store,2026,3,26035,2275,48833916,5855,5536640
store,2026,4,26091,2288,49052554,5163,4919438
store,2026,5,27119,2347,50871746,4359,4342130
store,2026,6,26091,2284,49066892,3108,3150740
store,2026,7,27575,2383,51418258,2553,2363668
store,2026,8,61962,5418,116586003,2897,2794466
store,2026,9,58464,5104,108964165,3329,3257812
store,2026,10,61997,5423,116187590,3945,3732387
store,2026,11,5553,490,10495032,290,208354
web,2026,1,7602,634,19027393,1116,1453763
web,2026,2,6612,544,16666111,1126,1405219
web,2026,3,7258,604,18668527,1334,1725823
web,2026,4,7121,583,18097340,1427,1949299
web,2026,5,7250,608,18299042,1407,1827420
web,2026,6,7051,583,17612341,1307,1614792
web,2026,7,7055,598,18220955,1197,1568034
web,2026,8,16287,1355,41375794,1129,1498024
web,2026,9,16296,1356,41315314,1020,1307411
web,2026,10,16174,1353,40915375,958,1274979
web,2026,11,1519,122,3670492,124,176975
